AA;SS;ACC;a_PB;b_PB;c_PB;d_PB;e_PB;f_PB;g_PB;h_PB;i_PB;j_PB;k_PB;l_PB;m_PB;n_PB;o_PB;p_PB;polar;ionic;hydrophobic;vdw;hydrogenB
 V;0;118;0;0;0;0;0;0;0;0;0;0;0;0;0;0;0;0;0;0;3;0;18
 H;0;150;0;0;0;0;0;0;0;0;0;0;0;0;0;0;0;0;0;0;0;1;10
 W;0; 27;0;0;0;1;0;0;0;0;0;0;0;0;0;0;0;0;0;0;3;0;28
 S;0; 36;0;0;0;0;0;1;0;0;0;0;0;0;0;0;0;0;2;0;0;0;14
 A;0; 71;0;0;0;0;0;0;0;0;0;0;1;0;0;0;0;0;1;0;0;0;13
 E;0;115;0;0;0;0;0;0;0;0;0;0;0;1;0;0;0;0;2;0;0;2;43
 E;0; 40;0;0;0;0;0;0;0;0;0;0;0;0;1;0;0;0;1;0;1;4;91
 K;0; 73;0;0;0;0;0;0;0;0;0;0;0;0;1;0;0;0;2;2;4;1;48
 Q;0;127;0;0;0;0;0;0;0;0;0;0;0;0;1;0;0;0;0;0;0;1;28
 L;0; 48;0;0;0;0;0;0;0;0;0;0;0;0;1;0;0;0;2;0;4;0;44
 I;0;  0;0;0;0;0;0;0;0;0;0;0;0;0;1;0;0;0;0;0;10;1;70
 T;0; 60;0;0;0;0;0;0;0;0;0;0;0;0;1;0;0;0;0;0;0;0;9
 G;0; 44;0;0;0;0;0;0;0;0;0;0;0;0;1;0;0;0;0;0;0;0;14
 L;0;  7;0;0;0;0;0;0;0;0;0;0;0;0;1;0;0;0;0;0;14;2;36
 W;0; 43;0;0;0;0;0;0;0;0;0;0;0;0;1;0;0;0;0;0;14;2;81
 G;5; 64;0;0;0;0;0;0;0;0;0;0;0;0;1;0;0;0;0;0;0;0;2
 K;5;108;0;0;0;0;0;0;0;0;0;0;0;0;0;0;0;1;1;0;2;1;30
 V;0; 14;0;0;1;0;0;0;0;0;0;0;0;0;0;0;0;0;1;0;8;0;45
 N;0; 81;0;0;0;0;0;1;0;0;0;0;0;0;0;0;0;0;0;0;0;1;17
 V;0; 39;0;0;0;0;0;0;0;0;0;0;1;0;0;0;0;0;1;0;4;1;61
 A;0; 29;0;0;0;0;0;0;0;0;0;0;0;1;0;0;0;0;0;0;1;0;30
 D;0; 85;0;0;0;0;0;0;0;0;0;0;0;0;1;0;0;0;1;0;1;1;35
 C;0;  0;0;0;0;0;0;0;0;0;0;0;0;0;1;0;0;0;1;0;1;1;28
 G;0;  3;0;0;0;0;0;0;0;0;0;0;0;0;1;0;0;0;2;0;0;1;37
 A;0;  1;0;0;0;0;0;0;0;0;0;0;0;0;1;0;0;0;2;0;2;1;58
 E;0; 42;0;0;0;0;0;0;0;0;0;0;0;0;1;0;0;0;1;4;2;3;90
 A;0;  5;0;0;0;0;0;0;0;0;0;0;0;0;1;0;0;0;0;0;0;2;32
 L;0;  5;0;0;0;0;0;0;0;0;0;0;0;0;1;0;0;0;0;0;1;0;25
 A;0;  1;0;0;0;0;0;0;0;0;0;0;0;0;1;0;0;0;0;0;0;0;0
 R;0;103;0;0;0;0;0;0;0;0;0;0;0;0;1;0;0;0;0;1;0;1;18
 L;0; 10;0;0;0;0;0;0;0;0;0;0;0;0;1;0;0;0;0;0;2;0;17
 L;0;  0;0;0;0;0;0;0;0;0;0;0;0;0;1;0;0;0;0;0;0;1;22
 I;0; 60;0;0;0;0;0;0;0;0;0;0;0;0;1;0;0;0;1;0;5;2;41
 V;0; 77;0;0;0;0;0;0;0;0;0;0;0;0;1;0;0;0;3;0;2;3;26
 Y;6; 62;0;0;0;0;0;0;0;0;0;0;0;0;1;0;0;0;1;0;19;1;102
 P;3; 73;0;0;0;0;0;0;0;0;0;0;0;0;1;0;0;0;0;0;0;1;50
 W;3;145;0;0;0;0;0;0;0;0;0;0;0;1;0;0;0;0;1;0;1;4;40
 T;3;  3;0;0;0;0;0;0;0;0;0;0;0;0;1;0;0;0;0;0;3;1;34
 Q;3; 54;0;0;0;0;0;0;0;0;0;0;0;0;1;0;0;0;0;0;3;2;44
 R;3;220;0;0;0;0;0;0;0;0;0;0;0;0;1;0;0;0;0;0;0;0;9
 F;3; 77;0;0;0;0;0;0;0;0;0;0;0;0;1;0;0;0;3;0;5;1;55
 F;3; 33;0;0;0;0;0;0;0;0;0;0;0;0;1;0;0;0;1;0;4;3;48
 S;3; 95;0;0;0;0;0;0;0;0;0;0;0;0;1;0;0;0;0;0;0;0;0
 S;3; 90;0;0;0;0;0;0;0;0;0;0;0;0;0;1;0;0;0;0;0;2;16
 F;3; 24;0;0;0;0;0;0;0;0;0;0;0;0;0;0;1;0;1;0;26;1;107
 G;0; 56;0;0;0;0;0;0;0;0;0;0;0;0;0;0;0;1;0;0;0;0;12
 N;0; 95;1;0;0;0;0;0;0;0;0;0;0;0;0;0;0;0;0;0;0;1;18
 L;0; 18;0;0;0;0;0;1;0;0;0;0;0;0;0;0;0;0;1;0;4;1;32
 S;6; 95;0;1;0;0;0;0;0;0;0;0;0;0;0;0;0;0;1;0;0;1;24
 S;6; 38;0;0;0;0;0;1;0;0;0;0;0;0;0;0;0;0;6;0;0;4;53
 P;0; 67;0;0;0;0;0;0;0;0;0;0;1;0;0;0;0;0;1;0;0;3;29
 T;0;118;0;0;0;0;0;0;0;0;0;0;0;1;0;0;0;0;0;0;0;1;15
 A;0; 21;0;0;0;0;0;0;0;0;0;0;0;0;1;0;0;0;2;0;0;1;31
 I;0;  3;0;0;0;0;0;0;0;0;0;0;0;0;1;0;0;0;0;0;5;1;47
 L;0; 70;0;0;0;0;0;0;0;0;0;0;0;0;1;0;0;0;1;0;4;2;23
 G;5; 51;0;0;0;0;0;0;0;0;0;0;0;0;0;0;0;1;0;0;0;0;0
 N;0; 14;0;0;1;0;0;0;0;0;0;0;0;0;0;0;0;0;0;0;1;0;10
 P;0;100;0;0;0;0;0;0;0;0;0;0;1;0;0;0;0;0;1;0;0;1;30
 M;0; 93;0;0;0;0;0;0;0;0;0;0;0;1;0;0;0;0;0;0;1;2;49
 V;0;  1;0;0;0;0;0;0;0;0;0;0;0;0;1;0;0;0;0;0;5;0;58
 R;0;103;0;0;0;0;0;0;0;0;0;0;0;0;1;0;0;0;1;0;0;2;29
 A;0; 59;0;0;0;0;0;0;0;0;0;0;0;0;1;0;0;0;2;0;0;1;9
 H;0; 61;0;0;0;0;0;0;0;0;0;0;0;0;1;0;0;0;4;0;1;5;58
 G;0;  0;0;0;0;0;0;0;0;0;0;0;0;0;1;0;0;0;0;0;0;3;48
 K;0;114;0;0;0;0;0;0;0;0;0;0;0;0;1;0;0;0;0;0;0;0;14
 K;0;152;0;0;0;0;0;0;0;0;0;0;0;0;1;0;0;0;0;0;0;0;8
 V;0; 36;0;0;0;0;0;0;0;0;0;0;0;0;1;0;0;0;0;0;0;1;2
 L;0;  4;0;0;0;0;0;0;0;0;0;0;0;0;1;0;0;0;1;0;15;2;88
 T;0; 66;0;0;0;0;0;0;0;0;0;0;0;0;1;0;0;0;1;0;0;3;52
 S;0; 27;0;0;0;0;0;0;0;0;0;0;0;0;1;0;0;0;2;0;0;3;34
 F;0; 17;0;0;0;0;0;0;0;0;0;0;0;0;1;0;0;0;2;0;5;1;38
 G;0;  5;0;0;0;0;0;0;0;0;0;0;0;0;1;0;0;0;0;0;0;1;24
 D;0; 77;0;0;0;0;0;0;0;0;0;0;0;0;1;0;0;0;0;0;1;0;29
 A;0;  0;0;0;0;0;0;0;0;0;0;0;0;0;1;0;0;0;2;0;1;2;32
 V;0;  4;0;0;0;0;0;0;0;0;0;0;0;0;1;0;0;0;0;0;0;1;9
 K;0;129;0;0;0;0;0;0;0;0;0;0;0;0;1;0;0;0;2;0;0;2;11
 N;5; 70;0;0;0;0;0;0;0;0;0;0;0;0;1;0;0;0;1;0;0;0;30
 L;5; 16;0;0;0;0;0;0;0;0;0;0;0;0;1;0;0;0;1;0;2;0;58
 D;5;129;0;0;0;0;0;0;0;0;0;0;0;1;0;0;0;0;0;0;0;2;9
 N;0; 75;0;0;0;0;0;0;0;0;0;0;0;0;1;0;0;0;1;0;1;3;54
 I;0; 15;0;0;0;0;0;0;0;0;0;0;0;0;1;0;0;0;2;0;7;1;75
 K;0; 99;0;0;0;0;0;0;0;0;0;0;0;0;1;0;0;0;1;0;0;1;8
 N;0;103;0;0;0;0;0;0;0;0;0;0;0;0;1;0;0;0;0;0;0;1;5
 T;0; 39;0;0;0;0;0;0;0;0;0;0;0;0;1;0;0;0;0;0;0;0;2
 F;0;  4;0;0;0;0;0;0;0;0;0;0;0;0;1;0;0;0;2;0;5;0;57
 A;0; 12;0;0;0;0;0;0;0;0;0;0;0;0;1;0;0;0;0;0;0;2;34
 Q;0;176;0;0;0;0;0;0;0;0;0;0;0;0;1;0;0;0;0;0;0;0;11
 L;0; 50;0;0;0;0;0;0;0;0;0;0;0;0;1;0;0;0;1;0;1;3;33
 S;0;  0;0;0;0;0;0;0;0;0;0;0;0;0;1;0;0;0;3;0;0;5;85
 E;0; 91;0;0;0;0;0;0;0;0;0;0;0;0;1;0;0;0;0;0;3;1;76
 L;0; 63;0;0;0;0;0;0;0;0;0;0;0;0;1;0;0;0;1;0;0;2;35
 H;0; 49;0;0;0;0;0;0;0;0;0;0;0;0;1;0;0;0;0;0;3;3;68
 C;0;  3;0;0;0;0;0;0;0;0;0;0;0;0;1;0;0;0;3;0;5;3;37
 D;0; 91;0;0;0;0;0;0;0;0;0;0;0;0;1;0;0;0;2;0;0;3;37
 K;5;138;0;0;0;0;0;0;0;0;0;0;0;0;0;1;0;0;2;0;2;1;35
 L;6; 65;0;0;0;0;0;0;0;0;0;0;0;0;0;0;1;0;0;0;5;2;21
 H;0;136;0;0;0;0;0;0;0;0;0;0;0;0;0;0;0;1;0;0;0;1;16
 V;0; 16;1;0;0;0;0;0;0;0;0;0;0;0;0;0;0;0;0;0;7;1;41
 D;0;100;0;0;0;0;0;1;0;0;0;0;0;0;0;0;0;0;1;0;0;4;44
 P;5; 44;0;0;0;0;0;0;0;0;0;0;1;0;0;0;0;0;1;0;5;1;51
 E;0; 90;0;0;0;0;0;0;0;0;0;0;0;1;0;0;0;0;0;0;0;1;21
 N;0; 21;0;0;0;0;0;0;0;0;0;0;0;0;1;0;0;0;0;0;0;0;13
 F;0; 20;0;0;0;0;0;0;0;0;0;0;0;0;1;0;0;0;0;0;2;0;13
 R;0;124;0;0;0;0;0;0;0;0;0;0;0;0;1;0;0;0;0;3;0;2;44
 L;0; 16;0;0;0;0;0;0;0;0;0;0;0;0;1;0;0;0;1;0;3;0;62
 L;0; 31;0;0;0;0;0;0;0;0;0;0;0;0;1;0;0;0;0;0;4;1;48
 G;0;  2;0;0;0;0;0;0;0;0;0;0;0;0;1;0;0;0;0;0;0;0;34
 D;0; 45;0;0;0;0;0;0;0;0;0;0;0;0;1;0;0;0;0;0;0;1;51
 I;0;  6;0;0;0;0;0;0;0;0;0;0;0;0;1;0;0;0;2;0;6;1;54
 L;0;  4;0;0;0;0;0;0;0;0;0;0;0;0;1;0;0;0;2;0;5;1;32
 I;0;  7;0;0;0;0;0;0;0;0;0;0;0;0;1;0;0;0;1;0;4;1;62
 I;0; 98;0;0;0;0;0;0;0;0;0;0;0;0;1;0;0;0;1;0;0;1;46
 V;0;  0;0;0;0;0;0;0;0;0;0;0;0;0;1;0;0;0;0;0;1;1;34
 L;0;  3;0;0;0;0;0;0;0;0;0;0;0;0;1;0;0;0;0;0;0;0;4
 A;0; 34;0;0;0;0;0;0;0;0;0;0;0;0;1;0;0;0;1;0;0;1;16
 A;0; 72;0;0;0;0;0;0;0;0;0;0;0;0;1;0;0;0;0;0;0;0;19
 H;0; 85;0;0;0;0;0;0;0;0;0;0;0;0;0;1;0;0;0;2;0;3;37
 F;0; 25;0;0;0;0;0;0;0;0;0;0;0;0;1;0;0;0;2;0;9;2;63
 A;3; 69;0;0;0;0;0;0;0;0;0;0;0;0;1;0;0;0;1;0;0;3;28
 K;3;198;0;0;0;0;0;0;0;0;0;0;0;0;1;0;0;0;0;0;0;0;2
 E;3; 99;0;0;0;0;0;0;0;0;0;0;0;1;0;0;0;0;1;2;0;0;15
 F;6; 21;0;0;1;0;0;0;0;0;0;0;0;0;0;0;0;0;0;0;6;1;50
 T;0; 52;0;0;0;0;0;1;0;0;0;0;0;0;0;0;0;0;4;0;0;8;51
 P;0;109;0;0;0;0;0;0;0;0;0;0;1;0;0;0;0;0;1;0;0;0;12
 D;0;120;0;0;0;0;0;0;0;0;0;0;0;1;0;0;0;0;0;0;0;0;0
 C;0;  4;0;0;0;0;0;0;0;0;0;0;0;0;1;0;0;0;0;0;1;0;53
 Q;0; 81;0;0;0;0;0;0;0;0;0;0;0;0;1;0;0;0;0;0;3;1;45
 A;0; 56;0;0;0;0;0;0;0;0;0;0;0;0;1;0;0;0;0;0;0;0;15
 A;0;  2;0;0;0;0;0;0;0;0;0;0;0;0;1;0;0;0;0;0;0;0;9
 W;0;  1;0;0;0;0;0;0;0;0;0;0;0;0;1;0;0;0;2;0;9;1;83
 Q;0; 56;0;0;0;0;0;0;0;0;0;0;0;0;1;0;0;0;1;0;1;0;43
 K;0; 18;0;0;0;0;0;0;0;0;0;0;0;0;1;0;0;0;3;2;12;3;72
 L;0;  0;0;0;0;0;0;0;0;0;0;0;0;0;1;0;0;0;3;0;14;5;68
 V;0;  8;0;0;0;0;0;0;0;0;0;0;0;0;1;0;0;0;2;0;6;1;50
 R;0;155;0;0;0;0;0;0;0;0;0;0;0;0;1;0;0;0;1;0;0;1;42
 V;0; 17;0;0;0;0;0;0;0;0;0;0;0;0;1;0;0;0;1;0;3;2;51
 V;0;  5;0;0;0;0;0;0;0;0;0;0;0;0;1;0;0;0;0;0;13;1;77
 A;0; 18;0;0;0;0;0;0;0;0;0;0;0;0;1;0;0;0;0;0;1;1;24
 H;0;137;0;0;0;0;0;0;0;0;0;0;0;0;1;0;0;0;1;0;0;0;17
 A;0;  7;0;0;0;0;0;0;0;0;0;0;0;0;1;0;0;0;0;0;0;0;6
 L;0; 21;0;0;0;0;0;0;0;0;0;0;0;0;1;0;0;0;0;0;7;1;57
 A;6; 20;0;0;0;0;0;0;0;0;0;0;0;0;1;0;0;0;0;0;5;1;47
 R;5; 91;0;0;0;0;0;0;0;0;0;0;0;0;1;0;0;0;1;0;0;0;31
 K;5; 75;0;0;0;0;0;0;0;0;0;0;0;0;1;0;0;0;0;0;0;0;20
 Y;0; 86;0;0;0;0;0;0;0;0;0;0;0;0;0;0;0;0;2;0;1;3;41
 H;0;221;0;0;0;0;0;0;0;0;0;0;0;0;0;0;0;0;0;0;0;2;22
